sleep_hours,study_hours,social_interactions,exercise,screen_time,diet_quality,stress_level,academic_pressure,financial_stress,relationship_issues,self_esteem,negative_thoughts,optimism_level,social_media_usage,news_consumption,support_system,alone_time,anxiety_level,depression_level
6.2472407130841745,5.585293712157961,14,0,2.6310903307915017,1,2,1,8,1,1,4,4,4.758771227778338,5,1,0.8463721621823916,1,1
9.704285838459498,4.288770930752963,11,1,3.1764902847355865,1,10,4,10,1,2,3,8,1.323052722819888,2,10,4.049118821557155,1,1
8.39196365086843,2.476220930290622,15,1,4.273573000960988,1,10,3,9,1,9,6,6,1.1157690453445062,4,0,6.517000448207337,1,1
7.59195090518222,6.510360157655589,18,1,5.416745018969208,1,10,3,2,1,7,7,6,5.704911959498588,0,9,7.489304332407972,1,1
4.936111842654619,5.477849380431034,7,1,5.809095255109872,1,0,8,7,0,5,4,10,1.2593857775173842,6,2,4.10814293393416,1,1
4.935967122017216,1.3009355147591304,16,0,5.463217685890036,0,0,10,0,1,9,9,1,1.5655114779010084,8,3,7.602233788891256,1,1
4.3485016730091965,7.28741747595074,4,0,4.390553321972656,1,5,7,10,1,8,4,7,5.817695633426028,0,10,4.2855117636482385,1,1
9.197056874649611,6.580297943385352,15,0,7.097242467516981,1,4,5,8,1,9,1,2,4.408251421590154,1,4,3.1535239567992637,1,1
7.606690070459253,7.598399306335392,5,0,10.252861082328968,1,7,0,8,0,3,7,7,4.197579198141169,2,2,6.785625028423164,1,1
8.248435466776273,5.80575606710688,7,0,4.797035384714793,1,1,1,9,1,7,1,2,5.117558303127488,2,9,3.9438616836647125,1,1
4.123506965774815,4.907321567486319,17,1,11.423870191022331,0,3,5,1,1,9,9,9,0.6949384934207656,7,10,3.7752200845161843,1,1
9.819459112971966,3.345944290324951,11,0,10.733366617238477,0,7,10,3,1,2,5,6,4.235737419480043,6,1,3.9224999152786264,1,1
8.99465584480253,7.461827866832106,14,0,3.617642113521096,0,5,1,7,0,2,7,1,3.0221316559694333,5,1,6.774280014957963,1,1
5.2740346640696565,6.928511116003267,8,0,9.862759567570945,1,0,9,6,1,7,5,3,4.9749038417048395,9,6,6.655532333504417,1,1
5.090949803242603,0.36174936084951526,12,1,7.745873823177666,1,3,4,0,1,4,3,10,3.048850311991166,9,8,3.2281599395216896,1,1
5.100427059120603,0.21093579597801604,14,1,7.6657536217141855,0,0,4,4,1,2,3,5,3.721448125613473,10,9,2.6663988789642,1,1
5.825453457757226,3.011706935024397,9,1,5.9104276305817445,0,1,5,6,0,9,5,10,2.866452758397216,3,1,3.935424192313034,1,1
7.148538589793427,6.484426646254663,15,1,7.0115299918200975,0,4,5,3,1,10,3,8,2.8689535413350646,8,6,4.582180077896872,1,1
6.591670111852695,7.898209034519556,6,0,5.97178777429211,1,7,5,0,1,0,7,4,4.6078198683709894,0,6,1.9066976850239756,1,1
5.747374841188251,1.2033351288282255,16,0,7.397326187599428,1,7,1,8,1,2,8,8,3.7713984038836994,10,10,6.351640677724725,1,1
7.671117368334277,4.753045722817081,6,1,8.27950052772636,0,10,9,4,0,8,0,4,3.7995792096564625,1,6,3.891862125859383,1,1
4.836963163912251,3.047126853048172,13,1,8.743038064090484,0,2,2,10,1,4,3,9,2.701694902989155,3,2,2.6723643873596767,1,1
5.752867891211309,7.759315182516826,14,0,7.324811925594261,0,10,5,1,1,9,3,7,3.1866569780251655,2,6,0.8545679437119249,1,1
6.19817105976215,6.7369513850856695,6,0,9.214220673287317,1,3,7,7,1,1,1,0,4.474305997228724,0,0,1.9107612832288554,1,1
6.736419905302215,6.706629637689103,8,1,3.412780492755058,1,9,10,10,0,6,5,6,4.9556455146715095,4,9,7.59424937404787,1,1
8.711055768358081,3.7495452783597623,18,1,4.119824909022386,1,10,0,1,0,1,2,3,4.179368412864277,6,0,2.4407974945562128,1,1
5.198042692950159,3.3185560187013214,15,1,10.187350040742702,0,5,0,2,1,3,6,4,5.544437933074098,1,4,1.3508743149362825,1,1
7.085406630481669,2.18725657544565,7,1,5.225279778464152,0,10,10,9,0,6,10,5,4.9219445288832055,4,1,3.6853823332399456,1,1
7.554487413172255,0.4510039732074169,17,0,2.2289382497612023,1,10,1,0,0,3,10,4,3.3711827388571107,5,8,2.4567019468819895,1,1
4.278702476319986,6.917779010040426,17,0,3.537911496680311,0,9,10,10,0,6,4,0,4.028436435862421,10,6,0.28127400216955323,1,1
7.645269111408631,6.5032080730406205,19,0,4.236144344963113,1,2,5,1,1,6,3,8,5.557849661527176,6,3,2.585161738235338,1,1
5.023144742123749,7.997741386289045,6,1,11.573228878945873,0,1,8,6,1,0,4,1,3.7150082654583505,0,3,4.352868991515749,1,1
4.390309557911677,7.973094696591243,2,1,7.730414289308493,0,5,3,9,0,5,7,8,4.948841687878984,6,1,4.413698976159735,1,1
9.69331322352,4.44345364482102,17,0,11.327307404762548,0,10,2,1,0,8,2,9,4.132863021539922,3,4,2.8524713694151096,1,1
9.793792198447356,6.151899321444084,9,0,7.751633504966249,0,4,7,5,0,1,6,1,3.3116181663627993,7,3,3.578422050020805,1,1
8.850384088698767,7.558125839059424,6,0,6.793544401378518,1,9,10,2,1,2,5,8,1.4510291724921187,3,0,7.724143345878131,1,1
5.827682615040224,6.797179125419292,16,0,5.13727691194096,0,4,9,3,1,9,0,5,2.555985116810569,5,7,3.018787817842493,1,1
4.586032684038303,1.9787848139455813,13,1,8.063709444333757,1,9,8,10,0,4,6,10,5.806456949002294,8,2,2.065814506079864,1,1
8.10539815907294,3.604353082480748,2,0,3.391980246175298,1,4,10,7,0,8,6,8,3.9465922996356,4,5,1.947736352534081,1,1
6.640914962437607,1.0332753212119599,11,0,10.98261627292706,1,9,4,2,0,3,0,5,3.3863722820339377,3,3,3.6621169016330732,1,1
4.7322294090686725,7.632408218069779,12,0,10.293324051412837,0,4,8,9,0,0,8,5,5.597739753169364,7,8,6.0761611897355525,1,1
6.971061460667621,4.84939707560704,1,0,5.175314478767371,1,2,1,5,1,3,5,10,3.5190706862246923,8,6,1.6479054735077856,1,1
4.20633112669131,1.8291424440277018,2,0,11.527975276012944,1,6,2,0,0,5,1,1,3.1564951105044177,3,8,5.6743690171261445,1,1
9.455922412472692,5.373605475246854,4,0,10.252007674155681,1,5,6,6,1,4,4,7,4.555865130901232,2,9,0.16919858679533029,1,1
5.5526798896001015,4.945025923663167,10,0,8.663068858350396,0,3,6,7,0,0,10,2,4.2759937139192665,7,2,3.351463823871568,1,1
7.975133706123891,2.865301744262724,7,1,3.217619111252748,0,1,5,10,0,3,3,6,1.1589600504505964,4,0,6.206920521622295,1,1
5.8702664565364655,0.9084607375970322,11,1,6.782340230480723,1,8,5,7,0,5,6,4,2.8278496474447268,1,4,2.7098636461954513,1,1
7.120408127066865,5.372585564742397,6,1,7.0610755484675085,0,0,1,2,0,9,7,2,2.8350926569175114,9,2,4.509896811563196,1,1
7.280261676059678,4.162461607230346,14,1,4.325513583653801,1,10,9,9,0,9,10,0,2.2693470914600686,8,5,1.6398338626072864,1,1
5.109126733153162,6.178547133885115,16,0,2.7996539435930194,1,3,5,0,1,3,10,7,3.1037608929135185,2,7,5.935963129009378,1,1
9.817507766587351,4.161308008895947,3,1,9.767236304716928,0,0,3,8,0,8,0,2,2.4786443863628653,1,10,0.41823282615007695,1,1
8.650796940166687,6.817452002548321,12,1,3.22035052124395,1,5,2,5,0,4,4,1,1.1960729368270988,0,3,6.820341159004003,1,1
9.636993649385134,4.415254710195884,17,0,7.942907505617747,0,3,10,10,0,7,2,0,2.4741989236480864,7,4,1.5855710913733452,1,1
9.368964102565894,4.48750377228309,0,0,11.364491738836605,0,4,1,8,1,8,0,3,0.4336616854390596,10,4,6.995184253666646,1,1
7.587399872866511,7.01322882126676,15,1,10.761051925980425,1,4,0,6,1,9,2,7,3.454715176646469,2,3,2.8202339304041386,1,1
9.531245410138702,3.2278629296991763,12,1,4.777526237492611,0,8,10,0,1,4,5,2,5.121927293646672,6,3,5.781468595795893,1,1
4.530955012311517,1.0721218276051259,9,0,10.514486375512654,0,0,10,0,1,5,6,0,4.351722506127332,0,3,2.5538023822895077,1,1
5.175897174514871,0.23026141050671178,11,1,2.003325061204894,1,1,4,5,0,0,7,3,2.1623642403246675,0,3,7.24729336987718,1,1
4.271363733463229,6.041098045388952,1,0,2.1768780961325724,1,5,1,4,0,10,10,8,0.5224272334638491,8,3,1.0130970041469949,1,1
5.951981984579586,4.962476410827717,2,0,8.02553163842865,0,4,1,8,0,6,3,0,1.2128963953516245,7,4,1.4281583141807896,1,1
6.332063738136892,5.6326381447937885,9,0,5.647982191445295,0,10,6,1,1,3,2,10,3.272942042969014,2,1,3.9442410012704183,1,1
5.628094190643376,1.7037132920712859,1,0,5.864608411591472,1,6,7,7,0,10,4,1,1.2423425002981971,5,1,0.655507512305169,1,1
8.972425054911575,1.090971804694158,12,1,7.644410906788825,0,2,9,10,0,1,8,8,3.263838667709805,10,8,1.5678414776140954,1,1
6.1405199601615355,0.11635732534305543,12,0,3.917824555918606,0,2,7,4,1,4,5,1,1.3895941485833936,2,1,7.550131057696115,1,1
5.685607058124285,2.804700470452776,17,0,4.117553506654783,0,9,3,1,1,2,8,2,5.093543216856437,3,5,7.811917289183097,1,1
7.256176498949491,4.719341494837065,2,1,6.846015870188647,0,1,0,9,1,5,5,6,2.3836288370427585,0,1,3.0100746346433755,1,1
4.845545349848576,3.1379523607978586,6,0,9.54253544343863,0,2,10,10,0,7,1,2,1.4733037556669464,4,4,7.386288168111485,1,1
8.813181884524237,3.4997993761898325,13,1,8.194977514075877,0,9,6,10,0,6,4,8,4.87395708148237,0,3,4.358597405387454,1,1
4.447303862078625,7.233269555949987,19,1,4.973550482368389,0,0,0,5,1,2,10,5,2.0570337888327046,0,6,2.1579397269901364,1,1
9.921321619603104,2.7860437361864028,16,1,6.303371775089212,1,4,10,9,0,7,8,2,0.6689261270326916,9,6,5.619189768644789,1,1
8.633468615779945,4.111915913278486,11,0,3.706647585499984,1,4,3,7,1,1,7,8,3.42245694842185,10,5,5.271214452598858,1,1
5.192294089205035,6.269224101929145,15,1,2.746298143370817,1,10,7,3,1,9,6,0,3.4893852266279324,10,9,7.913002552869867,1,1
4.033132702741614,3.1723422585701613,11,1,9.826960407441492,1,6,1,1,0,8,0,9,4.288174051414405,6,4,2.1203782992742664,1,1
8.892768570729004,4.976693601822988,14,0,4.653874091881946,1,3,5,10,1,3,3,2,1.4413165992503134,5,0,5.376476021293883,1,1
8.241144063085702,6.898909669973961,9,1,3.777663878512482,0,2,5,4,1,0,6,0,2.6626280345534705,1,2,0.41619004023557515,1,1
8.374043008245923,7.596164989261137,6,1,8.916180555693193,0,0,8,1,1,7,10,1,1.6942075142559374,10,8,0.9091683095737553,1,1
8.627622080115675,1.1765878474323035,19,1,8.180516742871859,0,7,4,1,0,6,6,7,0.48572241669412874,1,0,0.031346999608746096,1,1
4.444267910404542,7.412701001291955,4,1,8.331896260134641,0,2,9,5,1,10,5,6,5.25968296209535,10,4,7.995685448477385,1,1
6.150794371265635,3.9369303446363055,0,1,4.288946048466136,1,1,3,10,1,4,7,1,4.373218826930047,6,1,6.418189577179822,1,1
4.695214357150778,2.065955106391667,16,0,4.32645538562681,0,10,4,9,1,9,10,1,1.8087783567528042,0,3,6.293784117868326,1,1
9.178620555253561,3.6730860499060904,2,1,4.208026297856391,0,3,9,8,1,4,5,8,3.596237957231918,1,10,4.077808602305438,1,1
7.7397887609653475,7.840260602283816,12,1,3.737525956622945,1,2,10,3,1,6,9,5,1.2075827288068346,7,0,2.4005366632435194,1,1
5.985388149115895,3.940944751942957,13,0,8.557236725616562,0,0,4,5,1,4,2,4,5.341419730774625,5,2,1.2101142757014074,1,1
4.381350101716142,2.6300128823000657,17,0,10.480158852494014,0,2,7,6,1,7,3,9,0.6894380601714618,1,9,2.2773979107717093,1,1
5.865893930293973,5.067206834533806,3,0,9.243174696766612,1,1,9,10,0,10,2,5,0.023022873046805392,6,6,3.007769775433113,1,1
5.951099932160482,1.9211649502255446,17,1,9.920936337605433,0,7,7,5,0,5,0,8,3.012049186435093,3,9,6.050480775842352,1,1
8.377637070028385,0.6069066248693114,4,0,6.047984290851998,0,5,1,7,1,4,9,10,3.498766940717216,1,2,4.317294311225219,1,1
7.8253448281312785,1.0310377752851938,15,1,8.540757953719982,0,8,6,3,0,8,4,6,3.4737919217748265,5,3,0.6198690124438615,1,1
9.32327645545796,1.0243667116621795,0,1,5.542362404447745,0,7,7,0,0,10,0,9,0.32707156462695774,10,1,0.14423207167129792,1,1
6.8332895509716955,1.2152215480983548,13,0,7.2550462196864,0,9,10,6,1,1,0,9,1.8842628415105949,8,2,0.8186574362725052,1,1
4.71756547562981,1.110617381195281,14,0,6.816348465348623,1,2,5,2,0,0,1,8,2.995193681047991,10,8,3.2839897095790347,1,1
8.27946872333797,5.126997958425717,8,1,3.768871451438544,1,4,4,5,1,7,3,3,1.2994751137634453,8,2,7.465543336392146,1,1
8.564710291701385,1.4550406751931586,14,0,5.870787603356308,1,6,10,1,1,2,5,1,5.235755312915378,7,10,5.099219849673773,1,1
7.367663185416977,2.7653382665909056,16,1,11.63822275482351,1,4,8,8,1,10,7,7,0.5226557367686042,2,4,6.414607199004121,1,1
8.625803079727365,7.174307279248095,3,0,4.485802577149421,1,7,2,0,1,6,2,3,2.924306650032257,2,1,3.7309967560363884,1,1
6.9627735781863445,3.791693122102979,11,0,3.3380373627948874,1,4,9,5,1,9,0,8,4.148496345078913,1,3,2.8933286655603423,1,1
7.136396976291964,5.340461908168217,4,0,6.185806216239353,0,0,3,5,0,10,2,3,1.5705066008068946,4,6,0.8672029817329818,1,1
6.565246110151298,1.3785589696130387,4,1,9.903377358601482,1,4,8,4,1,7,2,7,3.745444421985109,3,6,7.00746417748964,1,1
4.152514760464571,1.5383121504693662,10,0,7.821482297799722,1,3,5,4,0,5,4,8,4.976310900854248,6,2,6.265280232223223,1,1
4.647348561959827,0.3269489301318309,5,1,8.809748272382446,0,5,7,0,1,9,10,8,1.1420218505702853,3,4,1.344944780781801,1,1
4.188575114120406,1.3514805045773164,6,1,3.896948481746772,0,2,6,9,1,8,3,9,5.503323550949177,8,0,4.098084511010084,1,1
7.818462467582682,2.228722712255669,13,1,8.189481930077214,1,10,10,4,1,6,3,3,3.321351195974148,1,9,3.898998463369959,1,1
5.88613588645796,1.4160838742139745,10,1,5.235003949114738,0,4,1,1,0,9,8,0,1.7953920258063634,10,9,5.000732421492229,1,1
7.051424146988216,0.7096202700564449,12,0,10.343033659547675,1,1,2,6,1,4,6,2,2.5851496522936244,5,9,7.56949515193009,1,1
9.445398843556557,0.9650869688048065,1,1,8.292988060107362,0,10,0,2,1,7,3,8,1.8731513027183277,6,10,4.638171534099837,1,1
5.495753374893249,3.686230144261806,6,1,3.988562777752959,1,5,8,3,1,1,2,3,4.350666959599897,3,0,4.321738134228949,1,1
6.462297538213779,1.65066974724634,19,0,2.6461667984408614,0,5,6,2,1,6,5,4,4.777803980490793,5,4,0.40258346347731155,1,1
8.533306831258292,2.9141588883846037,3,1,2.4263320928703274,0,4,0,2,0,3,2,6,4.9976243539119665,6,9,0.5032598081441915,1,1
5.372788992949735,4.027338166838855,7,0,5.714085676501408,1,5,2,3,1,8,5,4,5.914609497514447,3,8,1.498774330614311,1,1
4.461879458972758,5.523158629034922,19,1,4.658511366543134,1,10,3,4,0,0,10,3,4.747705754980101,7,0,0.25976617353398623,1,1
5.738508717482608,0.3144971187287915,18,0,8.46090123462508,1,6,3,0,1,6,10,1,3.60830442413138,8,0,5.946823164560099,1,1
4.9673277235240265,6.395283191272341,12,1,6.993338349786183,1,4,4,3,0,5,8,1,2.035321790350703,0,3,5.786642431951705,1,1
9.578185914055439,5.023203115927262,13,0,4.660192780053807,1,0,2,10,0,7,5,3,3.2675726922644963,6,3,1.0884498754531435,1,1
8.848722277386502,0.6540722555909753,9,1,3.492377779501761,0,7,2,7,1,4,3,9,0.24640903674243253,8,1,6.688631206362247,1,1
7.800422539062541,6.988628992854218,10,1,3.271997626874496,1,3,0,9,1,0,4,9,4.468950453179478,9,8,1.2382882787688958,1,1
9.228763541126305,7.3669792042545055,1,0,10.646603921404177,1,8,6,6,0,0,5,8,2.6757332705526107,4,8,2.4094046959788704,1,1
8.822032461394688,0.48862367883891,8,0,4.434779684048673,0,9,10,8,1,8,10,7,0.12013937839312572,1,1,1.99181519329092,1,1
5.119420353316215,2.21502118517763,16,0,8.517106479109684,0,5,9,4,1,9,2,2,0.37504164906246484,9,8,2.9784567885843822,1,1
9.355353990939866,6.449610238344491,2,0,10.106859279862663,1,0,0,9,1,5,7,8,2.32479878293054,5,5,2.037310127119695,1,1
7.2360534514939046,5.986077523069267,5,1,8.140813111847361,0,2,1,3,0,9,3,4,3.5005291141106105,6,7,3.9116074115076165,1,1
8.844640930984376,1.4761681548510186,4,1,10.595652316469458,0,2,3,7,1,4,7,10,2.7852236937127604,1,9,3.2592630508374834,1,1
9.376547799540958,1.6747945866936824,4,0,5.923937215284745,1,9,3,8,1,0,9,2,3.715225903752929,1,3,7.892555926234612,1,1
5.908020849831184,2.963776822331056,14,1,11.562221906489484,0,3,4,6,1,5,9,4,2.881765552748135,9,1,0.4474108010258053,1,1
4.66031154716606,3.8761838815281706,16,0,3.331450041780969,0,5,10,6,0,5,2,9,3.9702230728880803,9,1,1.137451011098813,1,1
5.36761097525165,4.946038172242368,8,0,3.021495296575381,1,6,1,4,1,2,9,3,1.3147563880248052,0,8,0.42260715126881987,1,1
6.562646731757538,2.9513091165581793,2,1,8.586921462074436,1,9,3,3,0,7,6,7,0.6770591231017284,3,0,5.006729559859006,1,0
8.90808859553496,3.700277729065183,19,1,11.428311414132617,0,3,0,9,1,0,10,4,3.5786037277539595,6,6,0.43607421930975665,1,0
9.164383499538062,5.979767505070052,16,1,10.08883461636328,0,5,1,0,0,0,8,9,2.9081371016178448,8,10,6.6915178990089865,1,0
4.041712783187144,0.2934656231247832,9,1,2.7641685943805143,1,10,0,9,1,5,3,7,0.16120592426961178,2,2,4.095509045455422,1,0
7.064483815465394,2.019495554752166,2,1,4.793677139347164,0,0,9,9,1,9,7,8,2.282891312958215,10,2,4.21606099665227,1,0
6.504466018892674,5.7067966870764195,17,1,11.303188848378237,0,7,9,6,0,0,2,3,0.6367535129459729,6,1,4.492756061697554,1,0
5.332646862824381,7.161654701497595,17,1,4.530584328007846,0,6,3,0,0,5,6,6,3.188140990516171,6,9,1.3665096504496859,1,0
4.719192204002097,4.093419536925329,16,0,9.811704237869193,1,10,3,0,0,0,2,1,2.3746660779625843,6,5,1.5815224249159003,1,0
6.025691028421768,4.256907882122525,2,0,10.251321959287038,0,10,6,4,1,5,6,5,3.6789114666181075,1,9,2.5505385829840375,1,0
9.657458223475114,0.8573760907182084,2,0,6.954521034609818,0,8,9,8,1,2,10,7,4.83361331262143,5,1,4.747971326574811,1,0
5.939217592124532,3.579298934587637,5,0,5.863489098483155,1,2,10,5,1,7,9,6,1.7980121030489449,1,9,1.6809422075217162,1,0
7.112743730460196,4.260938131640185,12,0,6.501244324197597,0,1,10,2,1,5,9,6,5.772612624990165,5,3,0.9306538170660899,1,0
8.218113753371068,1.9397640290778373,14,1,4.269646943653641,0,0,8,2,0,10,10,7,3.2138070035254467,9,9,7.7609350913474575,1,0
6.181777614275764,2.1539458475950477,8,0,10.893909161288443,1,2,8,6,1,0,10,6,3.7097447925287277,2,8,0.1758545184769833,1,0
9.830692496325764,3.018273304836981,3,0,6.506196567297579,1,4,4,5,1,4,5,4,4.0840342393544224,1,8,6.421579242688173,1,0
9.774683769652668,0.16056958222181095,13,0,10.824594404560997,1,10,9,8,1,7,1,6,4.000389179145539,5,5,6.304281196600177,1,0
5.510693774952185,2.5766333246654263,4,0,3.056934799062741,1,1,0,5,1,2,10,9,3.0658244582703724,1,3,2.377712910760768,1,0
6.983491035354312,1.6915840559723572,1,0,11.882752710001313,0,2,0,4,1,5,2,2,2.572585746688101,4,6,1.0850129280585072,1,0
5.805269858900618,2.619978817423317,10,0,6.432730874436182,0,3,5,9,1,4,5,4,0.32269178506426743,1,0,1.1650291736433873,1,0
5.709042966264805,0.9580970545540097,8,0,2.4783082039410544,1,6,1,6,1,5,3,6,0.13251507180707844,2,3,5.57945293789754,1,0
4.221321684127197,7.12421824591916,2,1,2.3802184823745494,1,2,7,0,0,9,5,8,2.147767167196588,2,4,5.142452728689389,1,0
7.657386003879381,4.748739628432389,8,1,9.462072574818386,0,8,8,6,1,0,0,1,2.001965343802156,5,7,6.261965394011094,1,0
7.016074139373169,5.432818553155917,2,0,8.590355342036808,1,7,3,2,1,6,9,3,2.32617092903404,5,1,7.499849379192837,1,0
4.308872507499936,6.313369908858706,1,1,10.021305581275875,0,3,4,8,1,8,0,6,0.8302092053291401,9,4,5.535418906132736,1,0
5.671878785419668,3.9875375914324582,11,1,3.0536753395280596,1,0,10,5,1,1,2,0,4.429009623221062,2,5,1.2468122924115477,1,0
9.449595315799922,0.6953623046993895,9,1,2.3557086703554835,0,0,7,8,0,9,7,1,5.141786488657434,2,4,1.9475409341232854,1,0
5.437371344001835,4.296852334548382,8,1,7.085792894475785,1,0,2,4,0,4,7,8,5.6322878122442095,0,8,6.737549846984916,1,0
4.8693692325473386,4.694728944167033,14,0,5.875952314827695,1,0,4,6,0,9,10,9,2.954173821117755,6,9,1.6744486066736686,1,0
6.936716561665378,5.96351579347464,7,1,6.619469366709557,0,7,2,3,0,3,3,6,4.205194194752572,7,0,0.5801785356358513,1,0
9.913902724663604,3.453276369837435,4,1,11.91588408870274,1,2,9,6,0,5,5,9,5.133306740615235,1,2,5.626240432338004,1,0
5.452331629069002,1.02064242236451,10,1,11.707499576706702,0,5,2,0,0,5,7,6,2.5097466665609156,3,1,3.2202108439211363,1,0
8.03281328443527,2.2702072463897958,1,0,11.423153896731929,0,2,2,6,1,10,6,5,1.8564767692226662,9,2,7.360320420367229,1,0
8.569717691972306,2.9046583711890808,14,0,9.838426767676738,0,10,6,7,0,1,10,2,5.6203473351209405,6,9,5.202040568749292,1,0
5.425825263954398,5.16733793065281,5,0,5.548413602568904,0,4,6,4,0,1,6,9,3.0940593064624387,7,8,0.723351822333286,1,0
8.369298091671158,4.566226437351295,7,0,6.121309302627716,0,6,6,1,1,3,3,2,2.983523319545268,0,8,7.582852538029286,1,0
6.20669879631552,2.84877380718277,4,0,7.4961604371892445,1,1,9,4,0,0,8,1,1.0704965793809746,3,9,2.068458109121967,1,0
7.793834983561477,7.8921219903438375,15,0,10.305344564048399,1,5,7,5,1,8,9,10,0.6489300874401405,5,1,2.697699923250286,1,0
7.801178264565368,4.846198554855097,17,0,2.6871283251826776,0,5,4,1,1,6,5,5,5.05264117490107,2,2,3.2180833094683363,1,0
7.214648104448551,1.8978143338879558,5,1,6.242968858848881,1,10,4,5,0,6,10,3,3.684799057125108,4,3,0.409794371234506,1,0
4.54173862032645,0.8142597809632299,4,1,2.826176634592687,0,2,3,5,1,2,2,4,1.9549475041166922,9,8,3.972123377844839,1,0
9.011814973535428,1.2228731134746562,15,1,7.146575865735116,1,5,6,0,0,10,4,2,1.1504173043415988,8,2,0.986547928602338,1,0
5.9246803898304155,1.967661827076065,12,0,10.989008240062354,1,9,9,0,0,2,4,5,3.3329836810177884,10,6,3.207762613506814,1,0
5.119111062399125,1.2854509860764454,4,0,9.82484924563938,1,9,3,10,1,0,4,10,3.503515735566812,2,2,2.8056783039366744,1,0
4.2446508493285835,1.492536192410446,12,0,4.2784241754311,1,4,1,9,1,2,7,2,1.241961607470349,4,6,6.182720667412027,1,0
7.545357659129451,2.280761349550777,16,0,11.759908495987924,0,1,3,2,0,2,8,7,5.108434487348844,7,6,6.425364093061849,1,0
8.065386171053694,1.3869887623580386,17,0,8.673503980464284,0,8,7,9,1,3,8,8,0.5055861969351065,5,8,1.227303059112704,1,0
4.099526973567137,7.174123397011401,7,1,2.1042769939740307,1,7,8,9,1,3,5,3,2.13655851099853,3,1,2.9324094990338097,1,0
7.072558349795686,0.6418699652931377,12,1,4.554134846852195,1,2,2,2,0,2,5,8,4.082306482575133,7,5,2.9868252882546535,1,0
5.358974651187628,4.196091116562037,18,0,4.607132999199165,0,7,6,3,0,9,8,6,1.6447221829152041,10,8,1.2112835514886804,1,0
7.871036742456699,3.283174615917292,2,0,2.6925430628585993,1,8,8,1,1,7,3,2,4.966051168687631,2,1,6.387628040409524,1,0
5.046198574029948,7.859028935268851,7,0,11.59826518075929,0,2,10,8,0,7,5,6,4.439206959602421,2,1,5.657826626683386,1,0
8.145626428614795,0.8963112173444188,1,0,6.782552945759237,0,2,3,9,0,0,3,0,4.734137067288805,3,4,1.5230542903762778,1,0
6.3204120778032244,3.182844792365933,7,1,10.95814597371882,0,1,9,10,0,6,10,2,0.7146392152602976,8,9,2.9337752687503924,1,0
9.620379932420407,7.755763466202951,12,0,5.222155034446283,1,7,2,6,0,10,0,5,0.8432827679732575,4,9,0.8464401988521137,1,0
4.8251256648759595,6.924057007151842,12,0,3.2523357043282712,0,9,4,6,0,1,6,3,1.7188424264675017,7,9,5.0256527767443515,1,0
6.046398106301551,6.536576567594239,0,0,6.743361099062139,1,0,0,5,0,0,9,6,3.1084629911853665,5,7,0.9709753963889574,1,0
4.680841127443534,2.0632226163595186,5,0,3.1395663471431714,0,7,2,2,0,2,10,2,4.488096460196415,2,10,7.887473348999342,1,0
9.548161709671376,1.3671006991205266,18,1,6.860155029775399,1,6,7,5,1,3,5,0,5.019185344565421,7,8,6.245456597502899,1,0
9.264036120285887,5.349145759395448,15,0,11.202971812194077,1,6,10,7,0,5,8,8,4.226011895743083,8,1,3.1219083966719605,1,0
5.547649766290934,7.435007913020686,7,0,7.207681418342127,1,2,7,7,1,9,6,5,5.57158128918383,7,4,4.6285114582348355,1,0
7.959904276205075,4.454103144111438,0,1,8.164997268950835,0,0,3,10,1,4,6,7,4.432461057695582,3,6,7.29073452973127,1,0
8.903333201207296,4.572901515759199,15,1,3.566384369738083,0,3,1,8,1,3,1,2,1.8376073220276883,10,5,4.432794243166609,1,0
7.331204869596774,2.2398327492822734,8,1,2.437356258799695,1,8,7,0,0,7,10,7,1.5904877060314355,5,5,1.3959878911836414,1,0
7.177903470136039,6.155943465535495,12,0,3.1080796217980704,1,4,7,0,0,10,8,1,4.17715470180654,0,6,3.0296268446492745,1,0
5.45111374540271,1.496349988460187,10,0,7.985315756843656,1,0,9,2,1,3,9,3,1.1572234121376856,3,2,6.745158920237963,1,0
4.558616606835395,2.5894338912339494,12,1,2.9501169899230466,0,4,3,2,0,9,8,2,0.5562888648616193,7,2,5.153704127916943,1,0
9.38329454771996,3.4034915089313342,9,1,5.759928899413114,0,7,2,9,1,1,5,9,3.1933372491371634,0,9,5.2057950746704025,1,0
9.402508342979983,4.06088302947564,3,1,7.50091940458156,0,7,1,7,0,2,2,0,4.929849418673732,2,8,6.934571885507913,1,0
7.798608743639607,1.939277859320642,5,1,5.8865279862984705,0,4,8,9,0,5,0,6,0.6082790548191812,0,7,7.151784459700037,1,0
6.034178746292204,0.9186945979136283,6,1,3.636838014653015,1,8,0,0,1,7,3,10,4.751347942774375,8,4,7.35834057423549,1,0
6.095257447675966,4.884960339533061,4,1,4.737913075141066,1,0,6,1,1,7,2,9,4.869432026109289,1,5,0.7587935460252488,1,0
8.355734073221436,2.309044425922046,10,0,11.28317532848577,0,3,4,1,1,10,0,1,2.893644000489261,8,10,4.353008015704807,1,0
9.382661559715462,4.649905771380898,12,0,8.759822755863553,0,2,7,2,0,8,2,3,0.34386186006292085,3,9,5.924076169746549,1,0
9.322518545590704,1.2349017221936185,18,0,6.960478386798865,1,1,3,5,1,6,3,8,1.0475391074831184,1,0,6.05541476101611,1,0
8.679253275145744,3.84912081483854,9,1,2.127148899868935,0,7,6,0,0,1,7,5,4.244557650971594,3,9,4.853729615760031,1,0
7.852189876925727,4.260715460412687,9,1,11.924154004894701,0,6,4,1,0,7,8,7,4.270667669945697,10,0,1.3342986814693933,1,0
4.504839789970293,0.41458829457941526,10,1,8.714549348946433,0,8,4,0,0,6,2,1,5.3901316510059925,10,3,6.379364431533315,1,0
4.969772284567682,2.6928342255513646,6,1,5.169224773449449,0,1,8,4,1,7,5,6,3.496116879327497,9,1,5.760890668119566,1,0
9.391325131162475,1.075317415511794,17,1,10.792686599978381,0,3,8,6,1,2,9,5,0.7446442062826644,5,10,0.6890861723922903,1,0
7.638574357957539,0.506999763782142,3,1,4.584316202918181,0,5,8,7,1,6,10,8,0.7284894330298328,10,6,3.71047859739501,1,0
4.055182309699778,7.919681859119562,1,0,7.440165791827516,1,10,5,9,0,9,4,6,4.326794144140942,6,1,1.3918191961744286,1,0
4.608829257196192,2.5788307597977838,13,0,8.360707637298251,0,2,5,0,0,8,5,0,1.1027079906474069,2,9,2.699816365703775,1,0
7.981010614648335,6.478995566837079,12,1,4.210633714537284,0,7,4,6,1,2,3,7,1.970312997699632,2,1,0.14464873764548347,1,0
4.030369503077312,2.037125238110111,11,0,11.78397278800596,1,2,8,4,0,9,9,10,2.9232720415314835,9,4,3.202638947286066,1,0
4.964848308504992,5.452021777791434,6,1,9.481919059789975,1,1,9,9,0,5,5,9,0.1485892654569072,7,3,4.399015369249684,1,0
7.2924027361995165,6.081822879117492,1,0,7.578132255110699,1,2,7,0,1,1,6,2,1.4929141621195912,4,7,4.956660742616695,1,0
8.15137118615616,4.765109924862754,12,1,3.805945981753009,0,10,6,2,1,1,8,1,2.4473376510436804,3,3,5.307922761029681,1,0
7.911767557015603,3.772609508401267,13,1,2.5385820699802615,1,5,6,6,1,4,9,2,1.6778179109592375,6,5,6.69033050481968,1,0
5.3456158567633585,3.2947273131781483,16,0,5.2005983252098344,0,1,5,9,0,4,6,10,0.818221964805395,6,4,1.7237032582058402,1,0
8.273075328085216,2.7909461323439624,8,0,9.531873359134028,0,7,4,0,0,6,5,5,4.368073546777184,8,10,0.9638545795077436,1,0
5.4234945249808,7.436233153982607,16,1,4.693312983020251,0,0,3,6,0,1,0,2,4.878885931007909,8,1,6.812297375183405,1,0
5.952398188955606,6.644955262301833,7,1,7.395562204955051,1,6,2,4,0,10,1,9,1.544873856862349,4,10,1.252902519141199,1,0
8.478948430708144,7.720215285332101,1,0,9.279471767307431,1,1,2,0,0,6,0,4,4.64651696763782,7,7,7.798080650689562,1,0
7.8977973942832875,0.9943777878843578,12,0,3.0794371464646435,1,9,5,0,1,4,8,5,2.3133213864078828,9,1,6.740305835189096,1,0
9.095340462965067,5.846939801629154,2,1,8.852980161158733,1,5,3,0,0,5,9,7,3.0401147451240167,0,8,4.007012847116793,1,0
7.94567735380206,7.506723654568303,15,0,2.918708877100447,1,1,5,10,0,7,9,6,5.136006449358916,8,8,7.851371399376202,1,0
7.40985162001283,1.4498645293252812,5,1,11.651297421269966,0,1,2,8,0,9,8,10,4.499722090814447,7,2,0.7790138328640337,1,0
4.562048606968554,0.53197013893422,18,1,6.883941300649396,0,9,3,10,1,3,6,7,4.830701107897067,5,3,2.424526089400813,1,0
6.206294818356601,5.928965194320472,6,1,3.5067610770987736,0,7,8,2,1,6,1,2,0.8210709995181409,2,7,5.105795320324892,1,0
5.591214206090353,4.595784905439295,9,1,5.423836360335465,0,1,4,4,1,5,5,3,0.41831655500237686,2,8,2.80005494778543,1,0
5.463937860274502,6.7346302140661765,8,0,6.134164492952614,1,6,6,10,0,9,10,5,5.360428374527922,7,2,7.426980415846335,1,0
9.838063328514673,1.118179013010316,1,0,9.581850110765373,1,2,9,9,1,1,3,10,2.327005617426566,4,4,0.5250087054225405,1,0
6.358586348000562,6.3621384948791215,14,0,9.434237860766093,0,7,1,8,1,7,0,6,1.727278068418085,9,10,4.3952946564877164,1,0
9.352279331062679,1.6130185603819562,4,0,8.11940505337331,1,6,4,5,1,9,0,8,4.3481775255709465,10,7,4.726930139160916,1,0
7.786831755983577,1.309247542925636,3,0,3.0593071255849296,1,7,8,8,0,8,4,0,5.01849357947914,6,2,5.221824990217793,1,0
8.768867821249891,1.3141263834479435,19,0,3.515693715876736,0,6,10,7,1,4,1,7,5.1749377313898055,4,6,2.0453297866545155,1,0
7.015822558631153,6.516597761851057,3,0,2.9375692064555663,0,10,2,7,0,9,3,7,1.8959828467513642,7,10,2.9165314201589156,1,0
7.461423307758155,5.321577765569601,17,1,7.7717278328755,1,5,8,0,0,3,0,5,5.113274347210044,9,7,6.749444237319821,1,0
6.955106162913183,4.184523398152955,3,0,10.77138441511404,1,6,10,8,1,5,3,3,0.24560366624607233,9,9,1.5595421517612786,1,0
5.171457926788267,2.87064387298802,16,0,6.338005122547718,0,4,5,5,0,7,10,2,0.29796894875831326,3,10,6.614942777386896,1,0
8.334712691569031,7.017604326504866,11,1,3.6084817395774618,0,6,3,8,1,10,5,10,3.7411151710449264,1,2,4.501243383221939,1,0
5.684634174645135,3.139560859381083,16,0,7.58042325148967,0,0,6,2,0,2,9,2,0.3786382146932774,2,1,6.097500089552657,1,0
4.1458957985887235,6.532795515772617,9,0,10.117522168657098,1,0,7,2,1,9,3,5,1.9476550110609692,7,9,5.708858930107772,1,0
7.872833775443007,3.5130792685617473,0,1,9.4171206151293,0,8,5,5,1,10,0,7,4.036535917481544,10,6,1.660091963079032,1,0
5.062664076442294,3.0155554353992606,17,0,10.814507796750213,0,4,4,8,1,10,6,6,2.0236013763253577,6,8,4.550501891470983,1,0
9.642751506117486,3.7014382853568515,17,0,4.779020972488678,1,4,5,6,0,0,1,10,1.0775986886405755,1,0,6.941785222440739,1,0
9.723571462015524,2.4110229933131366,13,0,3.939538672677749,1,2,4,2,1,3,8,0,1.6881037311230498,5,2,3.4569298944154347,1,0
9.489186341322691,5.980875041410009,14,1,10.798164859419387,1,4,7,2,0,3,2,10,2.7454519935025905,8,4,7.732726161786534,1,0
6.220952201532667,4.021763120739833,11,0,8.57560312778023,1,2,0,1,1,0,7,5,2.8523151321328943,3,2,3.6177208008137445,1,0
4.092739699173205,1.8577015611745384,3,0,5.109289300075542,1,8,10,8,0,8,7,6,4.698001388083211,8,0,1.1422850933430775,1,0
9.569911375526353,7.196596586196548,2,1,9.423480505725092,0,8,6,2,0,2,2,6,4.500919376589075,1,6,3.115477440621386,1,0
6.569104889903886,3.0711297709856913,19,0,10.151183844803679,0,5,9,10,1,4,3,8,2.7409068273368113,1,6,7.613619251124297,1,0
9.799928914262019,4.348422888911909,11,1,8.149782403411324,1,0,9,4,1,5,1,10,5.074004094592628,8,9,2.557766794718834,1,0
9.781719862535518,7.2517768877163755,6,1,8.878841098799152,1,6,10,8,1,7,3,10,0.685422831548375,6,7,6.944785278936503,1,0
9.11805673280416,4.993903967311937,10,0,5.752599044426663,1,6,1,7,1,5,10,9,1.532120101373409,6,4,7.050005453455118,1,0
5.766693352417514,0.9351843256669126,0,1,7.386956673430391,1,9,8,1,1,2,10,4,4.9678587810135095,0,9,2.8014921946556886,0,1
6.310586371611551,7.518656988907801,5,1,7.241591707261622,1,9,0,2,0,5,10,0,2.2679642317569186,10,4,0.666061264405057,0,1
9.106820029101142,5.021664424571343,14,0,10.48047791130772,0,3,10,1,1,0,8,1,5.887089352763053,5,4,5.796463273270546,0,1
5.901532030937666,2.679244917256689,14,1,10.399639802821826,0,7,9,7,1,3,1,3,2.7975196891670127,6,0,2.492098392111888,0,1
5.016956480116555,1.114176581307098,18,1,10.326804693470432,0,5,5,5,0,5,2,4,4.751613737782584,10,9,6.263388914060579,0,1
7.340807574750101,6.352201514162368,10,0,2.110316142624658,0,3,8,5,1,6,10,8,2.4138422482942317,5,4,3.541238786083465,0,1
9.616928644964686,4.960582047428108,1,0,9.495454844688883,1,3,0,8,1,10,10,10,2.5497211143745826,5,5,3.8821339387409726,0,1
8.176178780049838,4.267688735810572,13,0,9.586763901110048,0,1,3,7,0,10,3,0,2.2972988837051007,1,0,6.2232752539882945,0,1
7.42036702053619,7.151140664407661,1,1,8.783788228551419,1,1,3,3,1,9,4,2,4.3144537230648705,5,10,3.058906648493023,0,1
4.583058962624611,6.308777689796246,3,0,9.562646578914526,1,3,8,3,1,2,0,4,3.2851073043599666,3,6,3.5450187625833163,0,1
7.690043360195018,1.2133990378620094,16,1,10.419703714967087,1,4,10,8,1,8,6,2,5.662668668210214,8,0,3.009523750156977,0,1
9.94032310062558,2.493776542364386,2,1,6.7031905410178565,0,7,4,0,0,6,9,3,1.5053418992046286,0,10,2.9387241222182396,0,1
4.840504091419144,1.987913118515726,12,1,7.020502134884471,1,5,4,1,1,0,6,2,0.6033763925006661,7,1,4.207572615211675,0,1
7.10997791418242,5.951570340581416,8,1,3.247140569113905,0,3,5,1,0,1,8,3,2.359568910595291,4,1,6.470395556009206,0,1
9.264238431567733,0.26825947788623505,6,1,5.853758830473618,0,10,0,5,1,0,3,0,3.700276245880656,0,4,2.894146495380527,0,1
8.444611706525226,4.559117478970532,14,1,8.433651799117843,1,6,0,3,0,10,5,7,5.16479362149297,3,9,4.194037764301894,0,1
8.182094445971607,6.099669485925524,10,1,9.803997761472745,1,7,8,10,1,8,10,3,2.0771813200819658,0,6,5.365818603540807,0,1
8.214904503922655,7.014125094093996,19,0,4.172090976912106,1,1,2,9,0,8,1,6,3.92272050674677,5,0,2.15551557042924,0,1
6.156946907318531,2.7366539897272597,1,0,3.378228991592354,0,6,3,2,0,6,3,1,2.1011920861393145,1,9,2.2201824392191405,0,1
5.761551065586961,6.570058437376103,14,1,8.630420045004922,1,1,0,2,0,9,1,1,3.703317497966749,4,0,7.467305016187638,0,1
8.856166932871082,0.8850538956416578,13,1,2.0187988352491066,0,1,8,2,0,2,9,5,5.308847682183906,6,0,5.788276586648709,0,1
8.860680368075084,6.7716183338761455,19,0,3.7837258430732983,1,7,7,5,0,4,4,1,1.3881458535564541,1,5,4.617493409786471,0,1
9.202433911480622,1.0199092986558593,10,1,2.2907138034395373,1,1,1,7,0,3,6,5,2.425449852642235,5,1,5.181760435364896,0,1
9.479443315338827,3.178298324482938,2,0,3.6688511785487092,0,10,7,10,1,6,0,10,5.95959117857848,5,0,0.23439554482734692,0,1
7.068054393165626,6.378362926236429,16,0,3.8131927992550523,0,8,6,6,1,8,9,1,5.211342169496765,4,5,4.944823724493575,0,1
7.009097768123198,1.1993394187901902,11,0,5.876735947503942,0,0,10,3,0,1,9,3,3.387839147377212,4,1,4.076070985793615,0,1
8.789771073800651,1.8340111618611319,14,1,6.023271246865559,0,8,5,10,0,7,6,6,3.099765551125652,2,5,4.365997438235485,0,1
7.899783584666591,5.77802054714453,15,1,10.742624706102378,0,0,0,3,0,8,9,7,1.707602293828086,9,9,2.8753906146465367,0,1
8.21180126354622,5.760292292368595,4,0,7.101097124988252,0,9,6,10,0,9,5,2,3.1032565661611766,9,7,0.6517911817035351,0,1
8.774756016616607,5.129181063082378,19,0,9.234047656122863,1,9,9,9,1,9,5,8,5.0890889896796825,10,1,1.5467138688964175,0,1
9.340032050905398,5.5515875557368,5,0,3.041373579202874,1,1,6,10,0,8,7,1,4.111047079666683,1,10,7.605957705701374,0,1
6.027970941109215,4.341795546780769,18,0,4.2543875546369385,0,5,8,10,1,9,7,7,1.7402641690679195,6,8,3.2695964981674717,0,1
6.253497715839664,2.014392471255622,4,0,9.029434409786768,1,5,0,10,1,6,5,7,1.2087835263211977,0,7,3.7334652466469134,0,1
4.563891639045214,2.7655679480313555,2,1,2.528039604685281,0,0,1,1,0,8,2,3,1.5912512219809747,5,9,0.42167831882751194,0,1
7.469680845977043,1.4527817344114053,0,0,6.865976622437531,1,6,10,0,0,8,4,0,1.0185552083569591,5,0,0.3005298363518447,0,1
4.2156536427804525,7.267604490669027,5,1,7.993689656629338,1,7,8,8,1,2,1,0,0.5738441761422957,2,6,5.7374515763740614,0,1
6.793588108794761,4.667134358128964,14,0,8.02145644052481,0,1,8,1,1,3,4,1,2.51481704665233,1,9,4.30475731296889,0,1
7.25586780824546,3.206811334109119,1,1,2.2293281126804203,0,7,5,7,0,1,8,8,0.6797976263896062,1,5,4.069647873730133,0,1
5.719247512769707,3.6960464291530615,2,1,5.221080042291855,0,8,5,8,0,9,9,1,1.031475346362626,8,5,1.9449962433813495,0,1
7.5449995634140645,7.578266716894523,16,1,8.36490651049154,1,5,3,3,0,2,0,1,3.2839481060369167,10,5,5.958005853039378,0,1
4.183001499634297,1.2268112249286416,11,1,3.4899973614924344,0,4,3,7,1,10,9,5,0.9875956421974483,4,5,1.345892632867935,0,1
4.224089132495287,4.689838656134378,17,1,8.954156483280531,1,8,4,8,1,10,4,6,0.38327860458541707,6,9,1.5194779492881603,0,1
8.935603363957949,4.047109431075728,14,1,9.459252088136745,0,10,2,9,0,4,5,6,1.9043331001673112,4,6,3.6856973707862037,0,1
6.161143848467577,4.891633883477183,11,0,11.819691904461452,1,8,0,9,1,4,10,8,1.3219145917318051,6,2,2.290238896895527,0,1
4.762363075911309,0.14488147056672407,15,1,4.098419948564095,1,0,0,4,1,5,6,5,3.0918311279662607,3,5,1.979703849865171,0,1
7.133459560328826,6.976991271553212,7,0,10.251306676661152,0,10,6,6,0,6,8,7,0.6142025074992559,7,2,5.161901156426653,0,1
8.619961318591665,7.456946259868899,13,1,7.202965769186541,1,2,0,9,0,6,5,10,4.510624726097869,10,6,5.207773961748356,0,1
5.294926164981059,4.5210654687136715,16,1,5.7346259614417345,1,8,0,3,1,0,4,5,5.437401116610832,9,6,6.596136558399434,0,1
7.737342854914002,5.573206591015138,7,0,3.2237675732517794,0,10,2,0,1,1,6,1,4.460611043737167,10,7,3.341668535783807,0,1
4.512084789962608,7.3799950494183655,14,1,9.355056064875376,1,1,9,2,0,8,0,0,3.1969622244083657,9,1,0.5846807282092019,0,1
4.310090327011646,5.657909074507189,13,0,4.3585759914368705,0,3,3,4,0,9,10,4,5.1640069307333105,6,8,2.1893310793716614,0,1
7.188127789408888,1.2203123433140908,17,0,5.714220018730457,0,3,3,2,0,1,4,8,4.169510278689045,9,4,7.840043705574535,0,1
7.243810729660639,4.610306881334505,19,0,2.6254222689736846,0,1,1,10,0,5,1,7,0.06330673470113912,4,8,4.770068601861617,0,1
7.824579408989239,4.853720371062847,6,0,10.01366915819519,0,2,0,6,0,10,3,3,2.3645409166470186,10,9,5.677896678408162,0,1
8.35654800233597,3.393045370419088,2,1,9.665885239716435,1,2,2,8,1,10,6,4,5.1057113964408005,5,4,0.05886263700331629,0,1
9.855112476775208,5.891553884997783,11,1,9.336158300423126,1,0,10,5,1,0,4,4,2.0751531478516156,4,6,4.145645857460167,0,1
7.097802089807172,7.474936118152119,2,0,4.994435104918867,1,5,3,9,1,2,5,5,0.211291041153141,6,10,0.300229260254425,0,1
5.937738837647476,7.404548103254211,19,1,3.7348007426595724,0,7,2,0,1,1,1,2,4.477077831313634,1,8,4.553841696731584,0,1
8.771117168612221,3.606714971233057,13,1,8.375532644702297,1,2,7,6,0,2,2,4,4.812229621697211,4,3,7.366166797088603,0,1
5.624993507572445,0.905904366726042,14,0,6.961663841132195,1,4,9,2,0,4,6,1,0.9635621702598514,9,1,7.747353044003263,0,1
6.633828524233817,7.878729591698677,13,1,3.782524669046416,0,0,0,4,0,10,10,9,3.224042981059087,2,8,4.324421403111393,0,1
4.470738288053596,6.711184691567473,6,0,8.859112710498637,0,9,1,9,1,9,1,0,1.1517326339743545,8,1,3.6656384420177277,0,1
4.152104460492745,0.9973014496261348,16,0,11.911264318213037,1,6,6,3,1,5,5,10,4.315406514264881,5,2,7.560136753987952,0,1
9.77589048806755,7.366735060938979,11,1,9.472195877420376,0,9,3,9,1,8,4,0,1.629302731064914,9,9,5.388878655973561,0,1
9.015880723073234,6.959170896497026,19,1,9.399863866856117,0,0,7,4,0,10,9,9,1.8972907353799804,2,1,0.5191942363072757,0,1
8.175845236562187,4.150704457008577,3,1,11.503127529305917,0,10,10,4,1,9,0,6,5.0698251218406085,6,2,3.7258046213399805,0,1
6.45371766648562,4.730203485959434,8,0,4.029363675749022,0,8,2,5,0,3,10,1,2.857934113241426,3,5,1.9219601477144312,0,1
5.039765920425075,3.192021630961042,5,0,7.655499649214404,1,7,5,9,0,6,9,3,4.018526707309487,2,2,3.7584345715894525,0,1
4.938622256026516,0.43809311057625067,15,1,11.796467150338835,0,6,8,9,0,5,10,4,2.414238304334806,7,9,3.643724576050894,0,1
5.501457388987572,2.6815779331672074,1,1,3.6529411097017457,0,9,0,10,0,1,3,6,1.7880411431625325,3,7,4.657158422517936,0,1
7.295359988236723,6.4228275887840915,7,1,9.00251959444521,0,6,0,5,0,9,10,1,3.752868362547968,10,10,2.85416392279401,0,1
8.287575536200375,0.03705618403682287,10,1,7.85810145971902,0,4,7,7,0,10,1,5,0.9291454444729277,0,5,1.3141635956474245,0,1
7.961184260306387,2.6679933735291534,12,0,7.86479092188707,0,4,2,7,1,10,3,0,2.2379990134011782,5,6,4.02975547671965,0,1
5.679603381675657,3.1853495487275465,16,1,8.976706275200751,0,10,4,10,0,10,0,6,1.2542222243155337,9,0,6.6416230747660965,0,1
9.729191683979165,4.299164823503383,7,0,11.296169228756842,0,4,0,8,0,7,1,8,4.174769801644473,10,2,5.312097824540818,0,1
8.427381500174612,7.358844931302084,17,0,9.82581939851338,0,0,4,7,1,6,7,4,5.665253030076645,10,2,2.7069429274017267,0,1
7.326124315068404,2.77076795492769,17,1,2.5613610341621,1,7,10,10,0,6,5,4,5.973065808095198,0,1,7.484184182070858,0,1
7.670324477406114,2.7756256151698215,13,1,10.527280198757111,0,10,5,1,1,7,1,3,2.701660862649544,4,6,7.297660569993457,0,1
6.517600374566739,5.900009984877987,14,1,4.255413299257326,1,0,7,9,1,10,5,2,1.5151823378186668,6,8,1.6747871950727902,0,1
5.486385937006945,3.6177435271184573,5,0,5.769141647363719,0,3,2,10,1,0,9,8,2.6569762223059445,5,3,0.3153406809629038,0,1
6.135836071907569,1.7968385835198557,10,1,6.617328136123822,0,8,2,0,0,0,8,4,5.0836164597763425,1,4,5.930469666806098,0,1
8.547076662786214,3.619516129061547,12,1,6.809060007530697,0,8,10,9,0,7,6,7,1.2360340713122393,10,2,6.620882090793226,0,1
4.086360931778535,1.1268561630383989,0,0,6.351803992553568,0,4,10,1,1,3,8,8,5.712573909917543,3,10,7.742916527610842,0,1
4.696435843041497,1.4110958920497865,5,1,11.373532942158644,1,3,9,1,0,4,4,4,2.051194612788906,10,8,7.118691152706486,0,1
4.2760158521305165,3.986942181915838,8,0,9.060190076640247,0,2,8,2,0,7,6,9,5.91482195670183,1,3,4.804278145651319,0,1
4.244372813913821,3.3514035960363833,7,1,8.311706459567063,0,2,3,9,1,4,10,8,5.031653325203774,10,4,4.2404187136990465,0,1
9.132763504066043,7.3187672085448,10,0,2.498420277829416,1,4,3,6,1,9,6,1,4.851423204884342,0,0,0.22272841010069033,0,1
8.221947156280141,2.899151192933065,18,1,11.039133302603746,1,9,6,1,0,3,2,8,1.9074280426397014,2,10,1.9732515747582227,0,1
6.845042974523951,4.644706802224348,8,1,11.093901920083962,0,0,1,0,1,5,6,10,0.052663271687576785,2,1,3.6769180138634114,0,1
4.587004963906009,5.058114303356243,16,0,9.802130634301022,1,4,7,5,1,4,0,3,2.292797452955927,6,8,5.028031200668543,0,1
6.949695250700994,0.10475565270666909,11,0,2.0702920381361913,1,5,5,8,1,6,8,5,1.810856217976162,0,1,4.458014666547285,0,1
6.840830624683394,5.308298976133685,13,1,2.5728025107762336,1,6,2,2,0,9,9,5,0.22438194245278376,8,4,5.941087917453524,0,1
5.039211219460091,1.4242877349580114,14,0,4.252237022684898,0,8,8,5,0,6,5,5,3.032191539035578,10,7,2.238135447096327,0,1
6.603109895427838,7.688562539755641,15,0,3.313494081449067,0,2,4,2,0,3,4,1,2.4181878676964197,5,2,4.519620861219786,0,1
6.39102840638424,1.1893018220249036,19,0,5.988360297037294,0,1,7,0,1,4,6,6,3.8073388064491485,3,5,0.705137947126337,0,1
7.695100588313299,3.31699298981619,0,0,11.226230580877896,1,2,6,4,0,2,4,5,3.7271179331644992,2,3,3.3093241886656557,0,1
7.810561905205863,0.6827973446291509,9,1,6.720604341969983,0,8,7,9,1,3,9,10,0.7244798153800807,2,10,6.001286663636808,0,1
4.2718240586322676,7.974994014767579,7,1,2.134026264321656,1,6,6,10,0,3,4,0,5.861793276759736,1,6,5.547206827432352,0,1
6.247675687758827,4.017560082649941,17,0,4.82745689578762,0,8,2,3,0,2,10,1,1.1215885766486815,1,9,7.925141897377432,0,1
7.755159494285419,4.76308013856035,0,0,2.4459490837296154,0,1,1,6,1,9,9,6,2.6716441485882276,9,2,2.223129007902048,0,1
7.018817551480526,0.5366118191074198,1,0,2.362876226135022,1,4,6,5,0,4,10,0,2.9287052606024098,4,5,3.985514393391833,0,1
9.138939047129934,5.999683763193422,0,0,4.757198530955522,0,3,2,9,1,4,6,0,4.878376783284721,8,9,2.6362433101919738,0,1
7.95216178971367,1.679244744764686,0,1,4.756123386789454,1,1,2,6,0,10,9,0,0.5953775765678806,1,8,3.524824912473398,0,1
4.977606562488578,7.18443431552571,8,1,9.871266026016041,1,8,1,4,0,6,6,7,2.571865675251191,1,10,6.855601038955105,0,1
4.423412484402579,1.6411171238560573,12,0,11.748346527811119,0,8,3,3,1,3,10,3,3.7710130214172235,5,9,5.473672601507893,0,1
7.854515669237894,1.5255017653093326,0,0,5.712070938899982,1,5,7,6,1,3,2,3,1.2909337297443333,9,0,7.059529530780654,0,1
4.159067863249731,0.29239734278475904,12,0,6.288868788610386,0,10,0,6,1,8,2,1,3.7648073925964365,1,2,1.6280888666550917,0,1
7.51465348764078,3.776535560879994,19,1,10.447894362860215,0,5,0,5,0,5,9,10,5.541989025297916,3,1,6.986888942731504,0,1
9.641381448549746,4.518729066100931,6,0,4.681390200955134,1,7,4,7,0,3,2,10,5.98510878703605,5,7,0.4780981934270754,0,1
7.452845067255273,0.5256691154268189,1,1,3.5638180440344795,0,5,10,3,0,1,5,10,0.1947064607440543,4,6,7.108794243497219,0,1
6.329019557239132,6.204220933560085,5,0,10.530896234036504,1,0,4,9,1,5,5,0,1.413529369468065,0,1,2.6325902356858233,0,1
7.859729310654119,3.626310677984221,6,1,2.4650058644006547,0,3,10,4,1,1,2,9,1.8618426947501847,5,5,2.516701067312532,0,1
6.749517342949099,4.19512215462064,13,0,8.196994401994157,0,6,0,3,1,4,2,8,2.394756602669797,0,2,4.096708613589311,0,1
7.273700735895609,3.526101975505825,17,1,7.619928474668068,0,1,5,0,0,5,7,6,1.4535429455086044,2,7,7.525521501785854,0,1
9.648788852659152,3.206104487002608,14,0,5.459204475016943,0,8,0,7,0,3,7,3,1.2209279673318751,9,9,0.38225091745124296,0,1
6.316615826804646,4.477122650465743,1,0,5.15189521097359,0,7,4,0,1,2,6,5,5.727323054505,4,2,2.8178478005659624,0,1
9.767143382943486,1.2419219674457,9,0,9.718577261816213,1,7,8,4,0,6,9,1,5.511129616623107,9,9,6.852575909466686,0,1
9.432103851736382,1.455425043962169,11,1,2.8642461076254646,1,6,4,5,1,1,3,6,0.2819550060187048,4,8,3.168435819483734,0,1
5.174746808735779,6.894284968108138,16,0,4.367843093113854,1,3,5,5,0,10,3,1,2.032878129629089,9,0,1.593255180776536,0,1
4.416167805250993,7.568923697069062,7,1,9.324487318380898,1,1,7,4,0,5,2,9,2.4308913220704396,5,4,3.3983534506512942,0,1
4.60466800826456,2.9864745302380236,10,1,7.483205837264242,1,2,10,2,1,3,4,7,1.4340872079956601,9,2,3.0844200119333545,0,1
4.109330953909298,2.16595738514843,2,0,3.279882085335864,1,5,0,4,0,5,2,7,3.773237381929053,7,5,7.3233296117336275,0,1
4.56665776453557,5.151996345912126,5,0,10.821356142820601,0,4,1,7,0,3,7,0,3.8422844798654463,4,9,6.095475005944777,0,1
8.09804064049814,3.269873368784771,8,0,5.934478465635916,0,7,8,1,1,3,6,7,5.103025369971583,10,1,4.040924445952051,0,1
4.427131890761374,0.2030908452827589,5,1,10.278683753221728,1,5,2,5,1,3,2,1,4.4452156103113065,0,8,7.906964533772569,0,1
5.913853781762568,1.2492207789295229,8,0,9.877130155277086,1,5,5,8,0,8,8,5,3.2554399617957337,4,5,3.7222202502073864,0,0
9.069251865816728,5.72777783077918,6,1,8.24425446471728,0,0,4,7,1,6,4,0,3.921520620266519,2,6,0.4659026465622018,0,0
4.139631614414955,5.271391535281211,8,1,6.94481131295093,0,3,10,10,0,2,8,4,1.6439326892581085,3,4,2.098194574519879,0,0
8.886810895533614,0.21676794002786792,17,0,11.79550840381757,0,4,1,7,1,2,6,10,3.558337139804146,7,8,3.488563841754501,0,0
5.691128648640399,1.7757772954635955,11,0,3.4496507237981704,1,10,6,7,0,5,6,6,2.9353635284995154,6,0,1.2552209931689609,0,0
4.7089889657299375,1.8485983727045712,7,0,9.251557275511148,1,2,3,6,0,5,5,9,0.8000668038982224,10,4,7.580521010592344,0,0
8.180422992184905,5.375141948789827,7,0,3.9119070146478903,1,8,0,7,1,3,1,0,1.4552656594978244,4,10,6.134791182542185,0,0
7.773657080679304,0.15768430203491324,17,0,5.382631053323484,0,0,3,5,0,8,8,1,1.7501607043295162,1,9,2.1462976034221812,0,0
9.264832081162318,0.8328686558765908,19,0,5.086987433731952,0,5,5,1,0,3,5,6,5.545857402315348,5,10,4.726436268143327,0,0
8.410426262823314,6.399328682985515,14,1,11.47035987738723,1,5,6,1,1,8,7,5,1.3823198363153366,10,5,5.771593256876576,0,0
8.820885582309092,1.428357296434669,6,1,11.673561777882751,1,9,6,7,1,3,0,2,1.735463416918009,5,6,7.530231431254384,0,0
5.692207435427839,5.221968862814998,10,1,3.8301544423472715,0,4,6,10,0,1,4,9,2.216124780536594,9,3,7.053082793403285,0,0
5.064637262678337,1.9054622483738122,19,0,2.220351602975042,0,4,2,0,1,1,0,1,3.982456431752322,9,0,4.1215378091057095,0,0
8.50368850984515,0.7955311420747613,15,1,9.200080396631131,0,9,5,5,1,4,9,9,0.7094303548328431,10,10,6.197220958344141,0,0
8.841008435603584,1.9453775279956327,3,1,6.1798993387048435,0,4,7,5,0,3,10,3,5.723671274962657,5,7,4.49715803062068,0,0
9.94303085200404,5.778135454845273,5,1,2.8884024508756436,1,5,3,10,0,6,7,2,5.193427320568587,8,9,4.421631120364321,0,0
6.475706061468559,6.845571744850286,2,1,8.837541055770426,0,7,7,3,1,10,7,6,3.463296438053701,10,3,0.9179356667055352,0,0
6.232108514756699,6.641758916535933,8,1,7.451055282606997,0,1,1,10,1,4,0,7,4.04422720454974,7,2,1.0091012641292165,0,0
8.65847776445198,3.1774682369476386,9,0,11.80516822001106,0,5,9,10,1,5,8,1,0.09996282746529594,7,6,4.2362689201796595,0,0
6.0448212415181075,5.344681092565169,13,0,4.274094958613789,1,0,8,9,0,9,1,9,2.033668652090692,0,1,2.150892359832053,0,0
9.584543953621388,1.6398743633265678,10,1,6.039778763265483,1,3,8,2,0,3,8,6,4.773961383968652,4,7,0.16829521968374905,0,0
9.15047651105807,2.345181842088106,17,1,7.425458033954229,0,9,7,10,0,1,0,7,0.46489784275431534,6,5,5.782713631201698,0,0
6.5739641642501105,7.170686548168958,11,1,9.916999884533517,0,2,9,2,0,9,9,5,1.6938830052643212,5,6,0.2598927735213197,0,0
8.505226406748985,0.10401538808588828,11,0,7.488386567200587,0,8,9,0,0,8,8,5,3.5117809700058675,4,4,4.762214728832436,0,0
8.527257244508094,0.6840682468357446,12,0,8.129001608619493,1,2,0,2,0,9,3,9,1.5384781661936509,7,8,4.313550353018515,0,0
4.618743213015596,1.6630900411682186,12,1,4.261470515899408,1,5,1,3,0,6,8,0,5.603867844867115,2,4,7.750517524622436,0,0
9.4153174400774,0.21225763099055772,18,0,10.469187280885599,1,0,5,10,1,3,6,3,0.7863517848257422,5,10,3.873705114781133,0,0
7.031514234687143,1.4514834807183785,18,0,6.286305469704757,0,5,9,10,1,2,10,0,4.784366147446671,4,4,0.5088114910223789,0,0
8.95874479664645,4.664332487757537,13,1,3.4095962752176927,1,3,4,4,0,9,5,3,3.0476921514384494,7,2,4.413503742451693,0,0
5.92029760618367,3.3713964047399836,3,0,8.641879145054173,0,7,8,2,0,2,4,1,4.501984654919736,3,10,6.728769364928811,0,0
9.373139370977203,7.141373688615799,12,0,4.160904531853075,0,10,4,5,0,8,10,10,1.8642919698686846,7,0,7.974794274251519,0,0
6.335210072404979,6.539548493907527,7,1,2.975625102392997,0,8,1,10,1,4,8,4,3.086937613872233,9,1,3.44274538951258,0,0
4.06502590888179,2.7345388135830078,18,0,10.619869084042723,1,3,9,4,0,2,1,9,5.141012098339058,1,7,2.56238993997394,0,0
9.432291858515581,2.07538746745034,11,0,6.601622644884396,0,9,3,2,1,4,10,8,2.8012685947386267,8,0,7.253226375615991,0,0
4.547720060716801,3.0375392653381352,17,1,9.492837126957763,1,9,8,5,1,1,1,10,2.158319171461618,8,6,1.529937032608971,0,0
5.915881825542489,4.722359540118462,5,0,4.905875598063551,1,5,0,5,1,10,10,9,3.2169323175164166,9,4,4.923431320263413,0,0
9.70037180230483,2.14450912658301,17,0,9.869701349176664,0,0,10,7,1,3,8,2,4.304176518218201,9,2,3.2457153934475818,0,0
9.703642881625337,4.993191262793072,18,1,3.1193592702153032,0,3,0,1,1,9,2,7,2.661380072991016,5,10,0.32865891964444227,0,0
7.440627328739716,3.2752932175299234,4,1,5.559733737948527,1,6,6,0,0,1,7,2,5.633261850853637,3,6,2.778307794445582,0,0
7.791023273018796,4.416377446815842,8,1,11.780618179735285,0,0,10,3,0,1,10,5,1.7696749442540523,3,8,2.1218281800213967,0,0
6.690673131869919,3.4890122330825335,2,0,9.939897163680062,1,7,2,6,1,7,8,3,2.8527816370147225,5,1,5.488729231547895,0,0
5.759264630188387,2.3557260763353414,9,1,6.972559303146882,0,9,9,10,0,0,7,7,4.5415659560486485,4,7,7.590323981535345,0,0
5.971987272219495,7.5876264556972535,18,0,5.397774715618851,1,10,1,9,1,6,3,10,4.1347265429745494,5,8,2.144377499029102,0,0
8.03511073646223,6.108846353278087,2,1,10.721357000224765,1,5,8,2,1,4,0,5,5.181846314502937,6,10,6.491727513213454,0,0
8.51424717662608,1.1209054061316204,14,0,7.448477590845156,1,4,2,2,0,10,3,7,5.980855084086653,6,2,0.4428785355072762,0,0
8.749474262355092,6.947743807183302,0,1,9.58425017869111,1,9,1,4,0,7,8,0,2.5611499727705374,8,1,4.304968080318505,0,0
8.737708856767323,3.899449585996109,6,1,9.54107680316164,0,10,7,4,0,0,1,5,0.666905278699871,7,6,0.5644005096791567,0,0
4.547236618292143,7.156417815152731,11,1,2.179456785684918,0,8,9,9,0,10,2,0,0.18249528484780786,5,4,7.4722639290451145,0,0
6.966521828215489,6.398842047578522,16,1,3.262537827926135,1,1,5,2,0,6,9,0,4.36126143683863,5,4,6.130810244459122,0,0
4.345352560099865,3.4017080357538676,19,0,8.596293663947423,1,4,5,8,1,4,7,7,5.2440820278522935,4,9,5.263599289636739,0,0
7.297173293942413,0.17975446656093919,4,1,3.616198112858714,0,5,9,3,0,3,5,6,1.324275515666512,0,4,6.591171052997314,0,0
6.6491830082402625,2.1494188750795686,3,1,4.554933446556047,0,6,10,2,0,6,7,2,0.9506882231394358,8,3,5.180158364561305,0,0
9.326225096549798,4.333073717286935,11,0,11.466379541996071,0,4,6,10,0,9,6,5,0.3732305491541459,8,4,7.751555177394329,0,0
6.105490075312472,5.067825758609178,19,1,7.601822583749119,0,8,6,1,1,1,4,8,4.936217530303239,8,3,5.711663582918172,0,0
4.702402098565635,2.0631014834656183,17,0,9.507295069993472,0,0,10,9,0,0,8,6,1.868291639355506,10,5,7.397268876657974,0,0
4.857950092317015,1.114848592582593,16,1,7.579807387826399,0,6,5,10,1,0,3,2,2.4101813565586587,7,3,4.137055136085104,0,0
8.569063790304833,6.679441894394393,18,1,7.5251361478272525,1,9,3,8,0,10,5,5,3.0165011496576737,9,1,0.9365153038549012,0,0
7.709308379897566,7.875217445628417,8,1,2.9415191012569792,0,6,10,3,0,0,1,10,5.036719405257305,2,8,4.225421771384137,0,0
4.606736056736741,4.205521458421487,3,0,5.436631926091031,0,3,8,2,1,4,1,3,3.9049993293689096,0,1,1.0149826245047464,0,0
4.504640836689985,1.373434286786428,1,1,4.824308986865117,1,8,5,6,0,9,1,2,3.6903877791468678,10,8,4.73994783341124,0,0
8.20581478875472,2.1784586121549516,3,1,5.907283656136133,0,10,3,7,0,6,9,8,1.0540325997354643,7,9,3.8599444842213035,0,0
4.436578038185161,0.14712541237973387,1,1,9.983441882243284,0,4,2,10,1,1,6,9,3.079139350258979,6,5,4.980603182662254,0,0
8.931160355742136,7.314390452483992,14,0,5.719326679168649,0,3,3,1,0,9,1,1,4.292286103071931,4,8,0.08037584843865275,0,0
8.237453362938977,0.9420086631211291,1,0,6.516968192316827,0,6,2,6,1,7,1,0,5.839565298182951,9,8,1.5587239332429128,0,0
4.488092683851399,4.6121318041140285,3,1,5.973813904853165,0,3,1,4,1,3,8,1,1.2084378552801134,6,2,3.930643455297047,0,0
4.509026284511151,2.192441765497648,5,0,2.934079719752956,1,2,4,10,1,2,6,6,0.05726011840335987,9,0,7.604028492713079,0,0
9.919837471007053,4.433424020126347,6,1,6.410721582507837,0,8,1,4,1,9,10,9,0.4518086015908185,3,0,3.0688723228412673,0,0
6.245624774536722,5.211363106814914,9,1,3.9560927304451505,1,10,5,2,1,10,2,0,2.2551147910918754,8,2,3.3949762084290773,0,0
6.223852882401346,6.637934429657613,18,1,3.8672329577304145,1,7,2,4,0,7,2,5,4.923267886475923,10,4,5.7175687120529775,0,0
8.876797403545016,1.6513701740848257,18,1,2.9403610443426635,0,0,5,1,0,1,6,6,0.04285249060947027,9,2,4.830342058288944,0,0
9.683491464303152,0.08796662926784382,11,1,5.566709741417648,1,6,10,3,0,10,4,8,2.7403835573150417,1,8,2.391409200786666,0,0
9.916006382937226,1.0950850405504582,2,1,9.574818847894173,0,8,9,5,1,10,9,7,1.9753836920483672,8,8,3.286531164539422,0,0
8.520269111553649,7.200149134784841,12,1,4.7644169058339605,1,7,8,0,1,2,5,5,0.31489026059836545,8,2,1.7415983908578596,0,0
6.257557513185494,6.991120620500122,17,0,5.123491018855136,1,7,0,9,1,2,7,2,2.7014177200357037,4,2,7.728171673041668,0,0
4.501004300192013,4.779304817362466,7,0,8.426746576724236,0,5,5,3,1,9,8,7,1.528492244020313,10,4,1.0450750524588779,0,0
8.662881495564621,4.804134883469227,14,0,3.9584081258691888,0,10,8,5,0,10,0,6,2.1113090060820388,0,1,2.9746942765313555,0,0
7.350425498414831,5.320293396370044,0,0,10.969579304235344,0,3,10,8,0,0,2,2,4.2336918287057586,6,5,0.20671177776008953,0,0
6.5453320554818575,1.4029702289875967,2,0,7.201905232515545,0,7,3,10,1,5,10,8,3.1293059034658026,9,6,1.7742359354683712,0,0
9.438126310568416,7.315295567399678,7,0,6.47602940320217,0,2,10,10,1,1,6,1,0.74788457395688,9,8,6.243769107041239,0,0
4.667184893836908,3.350164199136585,3,0,7.578201919292014,1,8,1,1,0,0,5,2,5.768487242541834,3,5,1.6094018583110357,0,0
6.955750625745155,3.0651082259959797,15,1,3.6603431341619546,1,1,3,10,1,1,6,1,3.8154645942584304,8,2,0.6405072202317248,0,0
4.068121868604514,4.1513416422627,9,1,8.134731386391763,1,1,0,6,1,5,7,0,4.595210553975189,5,4,3.7956254387561863,0,0
6.811963851964758,0.37572773420044037,11,1,5.631007366340104,1,6,2,5,1,3,5,3,0.4752789000502249,2,3,0.07975387787614796,0,0
4.3378196540910245,1.3302669500486353,13,1,10.97186340964619,1,9,9,1,0,5,2,4,0.2823502767601134,5,4,0.6781292354106654,0,0
4.712907497608431,5.9042689314109635,13,0,3.6885420667768614,1,3,8,7,0,8,1,5,0.11668830220848703,9,7,6.461006956503801,0,0
4.7051574806626295,0.6623893434010117,1,0,7.070511038654411,1,9,9,6,1,9,6,4,1.1327641666406667,5,7,6.171786758876851,0,0
7.895261812696381,4.825216875731106,4,1,7.9811262936901795,0,7,4,10,0,9,10,0,2.486450386310971,4,5,7.321110563239168,0,0
8.47626927559254,1.9627928774505676,4,1,2.3338360178638125,0,8,10,4,1,7,0,2,5.6149568004169375,1,0,6.836123487285996,0,0
7.500212590582958,3.1143649123358124,5,0,5.636931247561402,1,6,5,4,1,0,2,0,2.742357955594658,9,7,5.465404505918545,0,0
9.77303529084725,2.309549894165599,12,1,9.326352347008328,1,4,2,6,0,7,10,10,1.7415306322351765,9,7,0.4186628584053027,0,0
6.249223477142224,2.845381731719593,8,1,10.203775074489734,0,7,4,8,1,8,3,4,3.37161152111798,1,1,6.26278894389326,0,0
5.714272517691164,5.752367241473964,14,1,5.1316199481728235,0,3,10,10,1,5,0,4,0.6716074688087355,6,3,6.764086486724484,0,0
9.211594769136761,2.3769737249854,13,1,9.985932723827514,0,1,7,8,0,9,4,10,3.6570353460298994,1,1,6.392657166175636,0,0
5.341575031116716,4.5312371223751775,6,0,11.677558771033889,0,10,5,8,1,4,9,5,3.4105917259830196,5,3,4.067832282464209,0,0
9.779335236643668,3.8084032175927973,19,1,10.568739360750941,1,5,3,5,1,5,2,7,4.751958200434258,4,9,1.8632147091958533,0,0
4.0729268481388985,5.309369322901185,1,1,3.176439881593252,0,8,1,9,1,5,1,9,5.920125669702145,3,6,6.762639805509814,0,0
9.819272960245835,7.494637914598064,6,0,9.397303320855407,1,0,8,5,0,8,2,0,1.5052408302966631,6,8,5.817302477921108,0,0
4.258959471703457,5.860576777682002,5,0,5.196668324405447,1,10,0,2,1,3,7,3,3.057938704822564,7,7,7.846089395110813,0,0
9.346858682188426,1.7195230287260541,16,1,11.884159894120765,1,9,0,0,0,1,5,9,5.453192437914021,3,8,1.2455407820474633,0,0
7.166206654517799,0.24946508049027738,1,0,6.853589831598871,0,6,3,6,1,10,6,10,4.7111393065370475,0,7,1.8053166644164405,0,0
9.957788776715802,2.0981123543986007,2,1,3.2243389835894103,0,9,6,3,1,10,5,0,2.9244378186048454,0,1,1.6943851990520216,0,0
4.442779388412394,4.760623445602039,4,1,9.251855480273907,1,8,0,0,1,8,5,8,5.672229897688667,0,6,6.340318140970694,0,0
7.323125706407925,0.4114065078740028,4,0,5.230111983862138,1,9,8,7,1,1,2,10,0.34342016110085627,10,1,1.4952583716009453,0,0
9.815815213714593,3.9709299776098907,0,1,11.970781570816618,1,8,3,5,0,9,7,6,5.585991718275504,0,10,0.5332786385864487,0,0
7.138587065020893,4.774742791335114,7,1,11.79782457854522,0,9,2,5,0,8,6,6,0.3030443542968393,4,1,7.988486452685029,0,0
7.776391828811575,2.6739511265356866,11,1,8.561340180205807,1,10,0,1,1,1,6,4,3.283828464688106,3,3,0.19853769156119316,0,0
8.174492133907703,6.167297629966575,3,1,3.2982644895171758,0,2,9,0,1,7,5,6,5.342645688006515,8,0,6.681952481270925,0,0
6.727246388606639,0.8527860250701744,12,0,8.86860997675029,1,10,3,1,1,8,4,1,1.576325661367817,2,4,2.9229347324052224,0,0
7.765348480504381,0.6011022538864701,14,0,2.930304864600272,1,4,8,3,1,9,9,3,2.833490993670951,6,5,6.732923678062522,0,0
7.505885871538601,5.825510049628827,10,1,2.293641591023923,1,7,9,1,1,8,7,6,1.9459732748217997,10,8,4.43696392968916,0,0
9.406948062945933,3.9639305296495877,9,0,10.229584462214861,0,7,5,0,1,9,4,2,5.7128635024581085,7,9,7.213049835890881,0,0
4.272678282048747,5.507219171421888,2,1,4.097529476836813,0,3,5,6,1,8,8,1,4.941873568518545,5,7,7.409543891317013,0,0
5.685779137553382,3.47861870882997,13,1,5.7902712621909735,1,10,0,10,1,1,8,9,4.254009067958277,9,1,0.07278545024620797,0,0
9.702468904459352,1.9712162659128545,15,1,11.734573899761731,0,10,9,10,0,3,0,1,3.5257619196906522,0,0,0.6032974079423061,0,0
9.341582703345498,6.552818541393598,9,1,5.368405018611033,1,0,1,7,0,6,5,0,4.923550735944889,7,1,2.002869836566844,0,0
6.733940516714277,6.395327031751834,9,1,4.9648978128331525,0,0,10,5,0,1,6,4,2.3536022491412822,9,6,5.354523330908013,0,0
7.720795586809221,5.557571766835414,11,0,11.182079996227753,0,3,5,3,1,0,2,5,2.6853111306363715,2,3,7.106177572092048,0,0
5.664287097886796,2.1771610978397016,8,1,3.1074844531895813,0,5,1,5,1,2,6,5,4.380010326485169,7,9,3.679535610351702,0,0
5.128726958342568,4.721845334952697,0,0,9.595824101146318,1,7,2,2,1,3,10,8,2.1465285797622853,3,4,4.855784930194123,0,0
6.782190429639893,2.8877911755202144,4,0,11.88065566652774,0,5,3,7,0,7,10,3,0.3834056522902429,7,6,1.5079988223644891,0,0
6.120113368156317,0.7326565866130732,19,1,11.012960107746489,0,8,10,9,1,5,6,0,0.4460076533164288,10,2,6.439734671053483,0,0
7.501936671105232,7.338508603697942,7,1,8.516679187064259,1,8,4,1,0,10,10,5,0.6921768078342232,0,9,7.738624890827758,0,0
4.466407821789909,1.0945490473516912,10,1,5.14060794992732,1,1,8,4,1,1,1,4,5.218087940061976,2,1,2.1487914633167797,0,0
9.846368845996999,7.6018988305664195,11,1,4.5432198117831675,1,9,3,0,0,8,6,9,2.833358554537226,5,6,3.9586076128043706,0,0
9.917264466877617,3.568046183663646,0,1,10.192551048714611,1,0,10,5,0,1,0,5,4.277294216068419,8,4,0.6889288840509904,0,0
